{
  "roc_auc": 0.6545342301572541,
  "avg_precision": 0.6488871321605014,
  "n_rows": 5000
}